{
    "variants": {
        "axis=y":  [  { "model": "block/oak_log", "weight":1000 },
						{ "model": "block/oak_logs_2", "weight":1 },
						{ "model": "block/oak_logs_2", "y": 90, "weight":1 },
						{ "model": "block/oak_logs_2", "y": 180, "weight":1 },
						{ "model": "block/oak_logs_2", "y": 270, "weight":1 },
						{ "model": "block/oak_log_0", "weight":1 },
						{ "model": "block/oak_log_0", "y": 90, "weight":1 },
						{ "model": "block/oak_log_0", "y": 180, "weight":1 },
						{ "model": "block/oak_log_0", "y": 270, "weight":1 }  ],
        "axis=z":  [   { "model": "block/oak_log", "x": 90, "weight":1000 },
						{ "model": "block/oak_log_0", "x": 90, "weight":1 },
						{ "model": "block/oak_log_0", "x": 270, "weight":1},
						{ "model": "block/oak_log_1", "x": 90, "weight":1},
						{ "model": "block/oak_log_1", "x": 90, "y": 180, "weight":1}  ],
        "axis=x":  [  { "model": "block/oak_log", "x": 90, "y": 90, "weight":1000 },
						{ "model": "block/oak_log_0", "x": 90, "y": 90, "weight":1 },
						{ "model": "block/oak_log_0", "x": 270, "y": 90, "weight":1 },
						{ "model": "block/oak_log_1", "x": 90, "y": 90, "weight":1},
						{ "model": "block/oak_log_1", "x": 90, "y": 270, "weight":1}	]
    }
}
